idVenta,fecha,montoUnitario,cantidad,categoria,metodoPago,clienteID,pais,costoEnvio,descuento,impuesto,subtotal,totalConDescuento,totalConImpuesto,totalFinal
1,2025-02-12,1457.11,3,Gaming,Tarjeta,27,Chile,128.74,0.18,0.16,4371.33,3584.4906,4158.009096,4286.749096
2,2025-10-25,2586.7,10,Supermercado,Tarjeta,51,Argentina,148.03,0.19,0.16,25867.0,20952.27,24304.6332,24452.6632
3,2025-08-06,2665.05,8,Oficina,Contactless,243,Peru,187.09,0.02,0.16,21320.4,20893.992000000002,24237.030720000002,24424.120720000003
4,2025-03-13,2870.98,6,Mascotas,Transferencia,262,Peru,102.2,0.01,0.16,17225.88,17053.6212,19782.200592,19884.400592
5,2025-09-12,2744.73,9,Moda,Tarjeta,185,Peru,163.1,0.03,0.16,24702.57,23961.492899999997,27795.331763999995,27958.431763999994
6,2025-01-02,2680.82,5,Salud,Tarjeta,5,Brasil,149.13,0.12,0.16,13404.1,11795.608,13682.905279999999,13832.035279999998
7,2025-06-07,2324.25,6,Automotriz,Tarjeta,29,Brasil,130.35,0.04,0.16,13945.5,13387.68,15529.708799999999,15660.058799999999
8,2025-11-10,1692.12,4,Hogar,Wallet,14,Brasil,196.27,0.17,0.16,6768.48,5617.8384,6516.6925439999995,6712.962544
9,2025-04-26,1124.97,6,Salud,Contactless,151,Colombia,159.59,0.05,0.16,6749.82,6412.329,7438.301639999999,7597.891639999999
10,2025-08-29,1776.87,1,Oficina,Efectivo,224,Colombia,70.3,0.19,0.16,1776.87,1439.2647,1669.547052,1739.8470519999998
11,2025-05-31,803.65,3,Tecnologia,Wallet,88,Brasil,118.41,0.15,0.16,2410.95,2049.3075,2377.1966999999995,2495.6066999999994
12,2025-10-23,2105.56,2,Bebidas,Contactless,99,RD,106.42,0.13,0.16,4211.12,3663.6744,4249.862303999999,4356.282303999999
13,2025-08-09,2432.1,6,Tecnologia,Transferencia,110,Brasil,84.34,0.1,0.16,14592.599999999999,13133.339999999998,15234.674399999996,15319.014399999996
14,2025-08-17,989.15,3,Supermercado,Transferencia,285,Peru,44.96,0.24,0.16,2967.45,2255.2619999999997,2616.1039199999996,2661.0639199999996
15,2025-06-05,238.85,3,Supermercado,Tarjeta,60,RD,137.82,0.25,0.16,716.55,537.4124999999999,623.3984999999999,761.2185
16,2025-04-04,1605.22,7,Servicios,Efectivo,204,Brasil,70.64,0.2,0.16,11236.54,8989.232000000002,10427.50912,10498.14912
17,2025-02-19,1158.3,8,Salud,Transferencia,158,Peru,166.63,0.13,0.16,9266.4,8061.768,9351.65088,9518.280879999998
18,2025-12-06,2260.56,10,Hogar,Efectivo,276,Argentina,125.58,0.17,0.16,22605.6,18762.647999999997,21764.671679999996,21890.251679999998
19,2025-07-06,2789.39,4,Moda,Tarjeta,28,Brasil,114.62,0.14,0.16,11157.56,9595.5016,11130.781856,11245.401856
20,2025-09-08,379.82,10,Jugueteria,Efectivo,56,Mexico,106.94,0.12,0.16,3798.2,3342.4159999999997,3877.2025599999993,3984.1425599999993
21,2025-09-30,1057.0,6,Mascotas,Transferencia,16,Mexico,95.92,0.02,0.16,6342.0,6215.16,7209.585599999999,7305.5055999999995
22,2025-10-17,1669.55,6,Hogar,Wallet,190,Colombia,164.97,0.1,0.16,10017.3,9015.57,10458.061199999998,10623.031199999998
23,2025-03-13,357.62,10,Hogar,Transferencia,240,Colombia,61.69,0.23,0.16,3576.2,2753.674,3194.2618399999997,3255.9518399999997
24,2025-06-21,651.78,8,Gaming,Wallet,20,Colombia,43.44,0.24,0.16,5214.24,3962.8224,4596.873984,4640.313983999999
25,2025-07-30,2040.43,8,Mascotas,Transferencia,114,Mexico,183.43,0.06,0.16,16323.44,15344.033599999999,17799.078975999997,17982.508975999997
26,2025-04-27,2825.84,5,Mascotas,Tarjeta,200,Mexico,160.19,0.09,0.16,14129.2,12857.572000000002,14914.78352,15074.973520000001
27,2025-06-18,962.37,2,Servicios,Contactless,282,RD,106.96,0.22,0.16,1924.74,1501.2972,1741.5047519999998,1848.4647519999999
28,2025-08-30,547.54,7,Bebidas,Efectivo,202,Colombia,67.59,0.01,0.16,3832.7799999999997,3794.4521999999997,4401.564552,4469.154552
29,2025-01-26,2533.8,3,Automotriz,Tarjeta,240,Peru,101.23,0.17,0.16,7601.400000000001,6309.162,7318.62792,7419.8579199999995
30,2025-03-18,1496.09,9,Jugueteria,Tarjeta,257,Argentina,37.22,0.06,0.16,13464.81,12656.9214,14682.028823999997,14719.248823999997
31,2025-12-11,2304.95,9,Bebidas,Tarjeta,149,RD,120.58,0.11,0.16,20744.55,18462.6495,21416.67342,21537.25342
32,2025-06-05,685.41,3,Jugueteria,Contactless,255,Peru,112.1,0.07,0.16,2056.23,1912.2939,2218.2609239999997,2330.3609239999996
33,2025-07-11,2368.05,1,Hogar,Wallet,12,Argentina,125.52,0.19,0.16,2368.05,1918.1205000000002,2225.01978,2350.53978
34,2025-01-19,686.4,2,Salud,Transferencia,26,RD,157.66,0.23,0.16,1372.8,1057.056,1226.18496,1383.8449600000001
35,2025-06-02,2830.14,9,Supermercado,Efectivo,113,RD,106.94,0.16,0.16,25471.26,21395.858399999997,24819.195743999997,24926.135743999996
36,2025-06-19,362.79,3,Supermercado,Transferencia,192,Argentina,194.23,0.17,0.16,1088.3700000000001,903.3471000000001,1047.882636,1242.112636
37,2025-11-05,2868.14,6,Bebidas,Contactless,83,RD,198.61,0.21,0.16,17208.84,13594.983600000001,15770.180976,15968.790976
38,2025-12-02,59.46,10,Mascotas,Transferencia,82,Chile,118.82,0.14,0.16,594.6,511.356,593.17296,711.99296
39,2025-03-07,2108.74,1,Hogar,Tarjeta,131,Argentina,197.53,0.1,0.16,2108.74,1897.8659999999998,2201.5245599999994,2399.0545599999996
40,2025-11-27,1225.26,10,Jugueteria,Tarjeta,175,Chile,120.13,0.14,0.16,12252.6,10537.236,12223.19376,12343.32376
41,2025-07-27,2522.71,6,Oficina,Wallet,221,Brasil,170.44,0.23,0.16,15136.26,11654.9202,13519.707432,13690.147432
42,2025-06-08,2657.23,2,Bebidas,Contactless,213,Brasil,104.78,0.17,0.16,5314.46,4411.0018,5116.7620879999995,5221.542087999999
43,2025-11-10,1601.88,8,Servicios,Transferencia,69,Argentina,73.7,0.0,0.16,12815.04,12815.04,14865.4464,14939.146400000001
44,2025-02-01,1263.76,8,Tecnologia,Transferencia,118,Chile,103.16,0.04,0.16,10110.08,9705.6768,11258.585087999998,11361.745087999998
45,2025-04-26,428.57,6,Bebidas,Wallet,8,Brasil,72.9,0.04,0.16,2571.42,2468.5632,2863.533312,2936.433312
46,2025-04-03,2818.2,10,Jugueteria,Efectivo,270,Mexico,70.52,0.11,0.16,28182.0,25081.98,29095.096799999996,29165.616799999996
47,2025-08-25,2434.93,1,Servicios,Efectivo,283,RD,184.86,0.01,0.16,2434.93,2410.5807,2796.273612,2981.133612
48,2025-05-03,2479.57,1,Bebidas,Efectivo,75,Colombia,90.41,0.14,0.16,2479.57,2132.4302000000002,2473.619032,2564.029032
49,2025-11-17,1528.69,3,Moda,Efectivo,29,Colombia,139.39,0.08,0.16,4586.07,4219.1844,4894.253904,5033.6439040000005
50,2025-07-18,2816.74,3,Hogar,Transferencia,245,Mexico,115.83,0.03,0.16,8450.22,8196.713399999999,9508.187543999999,9624.017543999998
51,2025-02-02,382.85,9,Supermercado,Contactless,142,Mexico,82.33,0.19,0.16,3445.65,2790.9765,3237.53274,3319.86274
52,2025-10-31,2164.38,6,Jugueteria,Contactless,175,Mexico,101.47,0.0,0.16,12986.28,12986.28,15064.0848,15165.5548
53,2025-10-19,2494.65,4,Jugueteria,Contactless,251,Argentina,95.29,0.08,0.16,9978.6,9180.312,10649.161919999999,10744.45192
54,2025-09-28,483.14,6,Mascotas,Tarjeta,2,Mexico,160.73,0.04,0.16,2898.84,2782.8864,3228.1482239999996,3388.8782239999996
55,2025-07-04,1838.92,9,Servicios,Efectivo,26,Argentina,109.3,0.02,0.16,16550.28,16219.274399999998,18814.358303999998,18923.658303999997
56,2025-02-14,1383.07,7,Salud,Transferencia,242,Peru,197.6,0.0,0.16,9681.49,9681.49,11230.5284,11428.1284
57,2025-11-19,2255.35,1,Salud,Wallet,273,Colombia,101.05,0.12,0.16,2255.35,1984.7079999999999,2302.2612799999997,2403.31128
58,2025-03-13,1560.91,1,Tecnologia,Efectivo,13,Chile,108.29,0.16,0.16,1560.91,1311.1644000000001,1520.950704,1629.240704
59,2025-07-12,1826.1,9,Tecnologia,Wallet,251,Colombia,109.1,0.23,0.16,16434.899999999998,12654.872999999998,14679.652679999996,14788.752679999996
60,2025-07-10,2845.23,8,Moda,Wallet,76,Chile,114.51,0.11,0.16,22761.84,20258.0376,23499.323615999998,23613.833615999996
61,2025-03-30,1887.92,3,Mascotas,Wallet,27,Peru,178.82,0.23,0.16,5663.76,4361.095200000001,5058.870432000001,5237.690432
62,2025-07-26,2834.82,6,Automotriz,Efectivo,133,RD,71.17,0.02,0.16,17008.920000000002,16668.7416,19335.740256,19406.910256
63,2025-07-14,1342.47,9,Supermercado,Wallet,90,Colombia,99.41,0.1,0.16,12082.23,10874.007,12613.848119999999,12713.258119999999
64,2025-07-17,1447.03,2,Supermercado,Transferencia,30,RD,171.71,0.21,0.16,2894.06,2286.3074,2652.116584,2823.826584
65,2025-05-26,343.63,5,Jugueteria,Transferencia,202,Chile,184.85,0.17,0.16,1718.15,1426.0645,1654.23482,1839.0848199999998
66,2025-09-06,1765.09,1,Oficina,Contactless,126,Argentina,153.5,0.22,0.16,1765.09,1376.7702,1597.0534319999997,1750.5534319999997
67,2025-07-11,2642.17,7,Jugueteria,Wallet,106,Peru,86.22,0.19,0.16,18495.190000000002,14981.103900000004,17378.080524000005,17464.300524000006
68,2025-08-14,2579.25,3,Moda,Contactless,300,Mexico,82.88,0.11,0.16,7737.75,6886.5975,7988.4531,8071.3331
69,2025-07-23,2278.61,6,Bebidas,Transferencia,218,Chile,161.69,0.09,0.16,13671.66,12441.2106,14431.804296,14593.494296
70,2025-04-11,1971.35,6,Oficina,Wallet,213,RD,169.33,0.25,0.16,11828.099999999999,8871.074999999999,10290.446999999998,10459.776999999998
71,2025-09-28,2706.11,7,Bebidas,Tarjeta,138,Peru,120.0,0.07,0.16,18942.77,17616.7761,20435.460275999998,20555.460275999998
72,2025-10-09,328.01,4,Mascotas,Contactless,198,Chile,67.83,0.04,0.16,1312.04,1259.5584,1461.0877439999997,1528.9177439999996
73,2025-04-10,153.62,3,Gaming,Efectivo,189,Brasil,41.21,0.13,0.16,460.86,400.9482,465.09991199999996,506.30991199999994
74,2025-08-25,884.98,4,Automotriz,Contactless,232,RD,163.85,0.24,0.16,3539.92,2690.3392,3120.793472,3284.6434719999997
75,2025-11-16,74.81,4,Automotriz,Contactless,30,Colombia,180.34,0.11,0.16,299.24,266.3236,308.93537599999996,489.27537599999994
76,2025-01-30,2830.48,1,Servicios,Tarjeta,30,RD,153.97,0.13,0.16,2830.48,2462.5176,2856.520416,3010.4904159999996
77,2025-09-15,577.16,2,Automotriz,Transferencia,104,Peru,113.61,0.0,0.16,1154.32,1154.32,1339.0112,1452.6211999999998
78,2025-07-18,131.75,7,Moda,Wallet,88,Chile,152.33,0.01,0.16,922.25,913.0275,1059.1118999999999,1211.4418999999998
79,2025-08-14,2651.74,4,Supermercado,Contactless,136,Peru,175.95,0.22,0.16,10606.96,8273.4288,9597.177408,9773.127408
80,2025-05-02,1894.03,2,Bebidas,Efectivo,38,Mexico,116.86,0.18,0.16,3788.06,3106.2092000000002,3603.202672,3720.062672
81,2025-11-25,1995.38,8,Servicios,Wallet,199,Peru,141.25,0.2,0.16,15963.04,12770.432,14813.70112,14954.95112
82,2025-12-01,2080.2,5,Salud,Contactless,219,Mexico,197.61,0.07,0.16,10401.0,9672.929999999998,11220.598799999998,11418.208799999999
83,2025-01-17,925.65,2,Jugueteria,Transferencia,268,Brasil,68.91,0.1,0.16,1851.3,1666.17,1932.7572,2001.6672
84,2025-05-20,2595.61,8,Oficina,Contactless,277,Brasil,123.19,0.19,0.16,20764.88,16819.5528,19510.681248,19633.871248
85,2025-11-28,2039.06,9,Salud,Contactless,72,Argentina,178.65,0.09,0.16,18351.54,16699.901400000002,19371.885624000002,19550.535624000004
86,2025-09-18,623.9,9,Moda,Tarjeta,31,Chile,66.82,0.15,0.16,5615.099999999999,4772.834999999999,5536.488599999999,5603.3085999999985
87,2025-03-08,738.03,2,Gaming,Contactless,288,Mexico,131.49,0.21,0.16,1476.06,1166.0874000000001,1352.661384,1484.151384
88,2025-04-28,251.97,10,Servicios,Contactless,227,Peru,157.15,0.05,0.16,2519.7,2393.7149999999997,2776.7093999999993,2933.8593999999994
89,2025-04-10,213.3,4,Oficina,Efectivo,252,Brasil,85.76,0.24,0.16,853.2,648.432,752.18112,837.94112
90,2025-12-12,527.75,8,Mascotas,Transferencia,300,Brasil,87.05,0.15,0.16,4222.0,3588.7,4162.892,4249.942
91,2025-04-23,2081.34,4,Jugueteria,Tarjeta,187,Peru,142.35,0.17,0.16,8325.36,6910.0488000000005,8015.656608,8158.006608000001
92,2025-06-14,187.88,3,Tecnologia,Wallet,106,Chile,90.62,0.01,0.16,563.64,558.0036,647.284176,737.904176
93,2025-08-17,564.53,1,Jugueteria,Transferencia,299,Mexico,173.04,0.14,0.16,564.53,485.4958,563.175128,736.2151279999999
94,2025-02-13,1548.3,4,Jugueteria,Transferencia,18,Brasil,131.89,0.23,0.16,6193.2,4768.764,5531.76624,5663.65624
95,2025-06-11,876.91,4,Salud,Wallet,25,Argentina,107.8,0.03,0.16,3507.64,3402.4107999999997,3946.7965279999994,4054.5965279999996
96,2025-08-09,2554.48,10,Gaming,Tarjeta,260,RD,48.23,0.13,0.16,25544.8,22223.976,25779.812159999998,25828.042159999997
97,2025-02-05,1662.4,2,Tecnologia,Transferencia,299,Mexico,142.63,0.2,0.16,3324.8,2659.84,3085.4144,3228.0444
98,2025-12-24,994.65,4,Moda,Wallet,224,Mexico,75.28,0.05,0.16,3978.6,3779.6699999999996,4384.417199999999,4459.697199999999
99,2025-09-12,674.74,4,Hogar,Wallet,14,Brasil,37.6,0.02,0.16,2698.96,2644.9808,3068.1777279999997,3105.7777279999996
100,2025-08-09,2759.89,3,Tecnologia,Tarjeta,235,Chile,137.93,0.01,0.16,8279.67,8196.8733,9508.373027999998,9646.303027999998
101,2025-11-12,801.98,10,Bebidas,Transferencia,297,Mexico,173.13,0.23,0.16,8019.8,6175.246,7163.28536,7336.41536
102,2025-05-28,468.96,10,Moda,Tarjeta,96,Mexico,163.1,0.14,0.16,4689.599999999999,4033.0559999999996,4678.344959999999,4841.44496
103,2025-10-25,922.6,6,Moda,Transferencia,184,Peru,103.3,0.18,0.16,5535.6,4539.192000000001,5265.46272,5368.762720000001
104,2025-01-19,1739.87,9,Salud,Tarjeta,245,Argentina,149.06,0.19,0.16,15658.829999999998,12683.6523,14713.036667999999,14862.096667999998
105,2025-02-26,1599.03,7,Servicios,Contactless,242,Brasil,111.42,0.18,0.16,11193.21,9178.4322,10646.981351999999,10758.401351999999
106,2025-03-31,555.79,2,Bebidas,Tarjeta,220,Argentina,156.33,0.08,0.16,1111.58,1022.6536,1186.2781759999998,1342.6081759999997
107,2025-06-05,1227.13,7,Tecnologia,Efectivo,56,Brasil,181.77,0.14,0.16,8589.91,7387.3225999999995,8569.294215999998,8751.064215999999
108,2025-05-18,857.14,6,Automotriz,Efectivo,274,Mexico,95.94,0.08,0.16,5142.84,4731.4128,5488.438848,5584.378847999999
109,2025-09-04,1989.12,5,Bebidas,Transferencia,114,Colombia,148.55,0.13,0.16,9945.599999999999,8652.671999999999,10037.099519999998,10185.649519999997
110,2025-01-25,1131.09,9,Bebidas,Efectivo,76,RD,183.0,0.0,0.16,10179.81,10179.81,11808.5796,11991.5796
111,2025-04-20,616.32,10,Hogar,Transferencia,174,Argentina,136.36,0.06,0.16,6163.200000000001,5793.408,6720.35328,6856.71328
112,2025-10-16,2746.34,1,Mascotas,Efectivo,187,RD,98.44,0.1,0.16,2746.34,2471.706,2867.1789599999997,2965.61896
113,2025-09-24,436.67,5,Salud,Contactless,1,Peru,98.24,0.2,0.16,2183.35,1746.68,2026.1488,2124.3887999999997
114,2025-01-09,506.19,6,Hogar,Contactless,282,Peru,67.63,0.14,0.16,3037.14,2611.9404,3029.8508639999995,3097.4808639999997
115,2025-09-22,929.1,6,Supermercado,Efectivo,177,Chile,179.95,0.13,0.16,5574.6,4849.902,5625.88632,5805.836319999999
116,2025-03-02,2843.36,5,Servicios,Efectivo,212,Chile,159.91,0.21,0.16,14216.800000000001,11231.272,13028.27552,13188.185519999999
117,2025-05-01,982.73,10,Jugueteria,Efectivo,80,Peru,170.49,0.1,0.16,9827.3,8844.57,10259.7012,10430.1912
118,2025-05-03,2266.17,2,Salud,Contactless,161,RD,68.48,0.18,0.16,4532.34,3716.5188000000003,4311.161808,4379.641807999999
119,2025-04-17,2430.53,6,Bebidas,Efectivo,61,Chile,112.13,0.21,0.16,14583.18,11520.7122,13364.026151999999,13476.156151999998
120,2025-03-10,55.57,6,Supermercado,Tarjeta,284,RD,178.8,0.1,0.16,333.42,300.07800000000003,348.09048,526.89048
121,2025-01-05,2199.85,10,Bebidas,Efectivo,17,Peru,192.27,0.08,0.16,21998.5,20238.620000000003,23476.7992,23669.0692
122,2025-03-28,340.8,4,Moda,Wallet,189,Chile,155.8,0.09,0.16,1363.2,1240.5120000000002,1438.9939200000001,1594.79392
123,2025-01-22,62.91,5,Supermercado,Wallet,157,RD,175.13,0.01,0.16,314.54999999999995,311.4044999999999,361.2292199999999,536.3592199999998
124,2025-04-02,1956.27,9,Bebidas,Transferencia,136,RD,112.32,0.17,0.16,17606.43,14613.3369,16951.470804,17063.790804
125,2025-08-15,2667.11,6,Mascotas,Tarjeta,255,Brasil,138.34,0.16,0.16,16002.66,13442.2344,15592.991903999999,15731.331903999999
126,2025-07-23,320.19,1,Jugueteria,Wallet,227,Argentina,90.51,0.04,0.16,320.19,307.38239999999996,356.56358399999993,447.0735839999999
127,2025-11-21,2380.23,5,Servicios,Transferencia,186,Mexico,117.24,0.05,0.16,11901.15,11306.092499999999,13115.067299999997,13232.307299999997
128,2025-02-01,1306.96,4,Automotriz,Wallet,218,Brasil,69.54,0.05,0.16,5227.84,4966.448,5761.07968,5830.61968
129,2025-08-17,2111.1,10,Automotriz,Efectivo,42,Argentina,164.74,0.11,0.16,21111.0,18788.79,21794.9964,21959.7364
130,2025-02-18,636.69,5,Supermercado,Contactless,15,Argentina,139.86,0.1,0.16,3183.4500000000003,2865.1050000000005,3323.5218000000004,3463.3818000000006
131,2025-10-21,2562.72,10,Jugueteria,Wallet,113,RD,119.61,0.24,0.16,25627.199999999997,19476.672,22592.939519999996,22712.549519999997
132,2025-05-01,1882.42,10,Mascotas,Tarjeta,158,Chile,176.31,0.19,0.16,18824.2,15247.602,17687.21832,17863.52832
133,2025-02-21,2006.64,10,Bebidas,Tarjeta,187,RD,162.7,0.24,0.16,20066.4,15250.464000000002,17690.53824,17853.238240000002
134,2025-09-26,2786.82,3,Gaming,Transferencia,205,Argentina,125.33,0.16,0.16,8360.460000000001,7022.786400000001,8146.432224,8271.762224
135,2025-11-19,42.13,10,Bebidas,Efectivo,206,Brasil,129.2,0.23,0.16,421.3,324.401,376.30516,505.50516
136,2025-09-14,1175.08,6,Moda,Contactless,252,Argentina,91.55,0.07,0.16,7050.48,6556.946399999999,7606.057823999999,7697.607823999999
137,2025-01-12,793.85,8,Hogar,Contactless,19,Mexico,117.38,0.23,0.16,6350.8,4890.116,5672.534559999999,5789.914559999999
138,2025-07-28,2727.49,4,Supermercado,Wallet,298,Colombia,183.86,0.19,0.16,10909.96,8837.0676,10250.998416,10434.858416000001
139,2025-07-29,1247.71,8,Oficina,Tarjeta,253,Chile,119.46,0.17,0.16,9981.68,8284.7944,9610.361504,9729.821504
140,2025-05-03,1263.68,10,Gaming,Wallet,137,RD,145.81,0.12,0.16,12636.800000000001,11120.384000000002,12899.645440000002,13045.455440000002
141,2025-06-02,1092.8,4,Oficina,Transferencia,251,Colombia,88.56,0.22,0.16,4371.2,3409.536,3955.0617599999996,4043.6217599999995
142,2025-06-19,2721.28,6,Moda,Transferencia,277,Brasil,49.34,0.09,0.16,16327.68,14858.1888,17235.499008,17284.839008
143,2025-03-18,1121.36,8,Mascotas,Tarjeta,240,Colombia,79.75,0.17,0.16,8970.88,7445.830399999999,8637.163263999999,8716.913263999999
144,2025-04-05,865.16,8,Automotriz,Efectivo,161,Mexico,56.64,0.01,0.16,6921.28,6852.0671999999995,7948.397951999998,8005.037951999999
145,2025-11-02,1927.52,5,Supermercado,Efectivo,227,Brasil,47.05,0.23,0.16,9637.6,7420.952,8608.30432,8655.354319999999
146,2025-12-10,2509.06,7,Mascotas,Tarjeta,264,Colombia,179.05,0.06,0.16,17563.42,16509.614799999996,19151.153167999993,19330.203167999993
147,2025-06-17,307.36,5,Automotriz,Efectivo,24,Brasil,74.73,0.18,0.16,1536.8000000000002,1260.1760000000002,1461.8041600000001,1536.5341600000002
148,2025-04-28,1590.58,4,Moda,Efectivo,55,RD,116.32,0.21,0.16,6362.32,5026.2328,5830.430047999999,5946.750047999999
149,2025-08-19,2213.96,2,Bebidas,Transferencia,291,Colombia,103.56,0.17,0.16,4427.92,3675.1736,4263.201376,4366.761376
150,2025-02-04,1233.78,1,Hogar,Tarjeta,38,Chile,56.52,0.12,0.16,1233.78,1085.7264,1259.442624,1315.962624
151,2025-04-24,2905.67,6,Moda,Transferencia,161,Chile,92.94,0.16,0.16,17434.02,14644.5768,16987.709088,17080.649088
152,2025-12-10,2302.23,4,Automotriz,Tarjeta,74,Brasil,145.84,0.1,0.16,9208.92,8288.028,9614.11248,9759.95248
153,2025-12-20,2233.44,7,Oficina,Efectivo,276,Mexico,182.83,0.08,0.16,15634.08,14383.3536,16684.690176,16867.520176
154,2025-11-27,887.38,2,Hogar,Contactless,226,Mexico,184.94,0.01,0.16,1774.76,1757.0124,2038.134384,2223.074384
155,2025-03-01,2303.16,3,Moda,Tarjeta,241,Brasil,185.61,0.13,0.16,6909.48,6011.2476,6973.047215999999,7158.657215999999
156,2025-08-13,1411.34,6,Oficina,Contactless,2,Colombia,94.74,0.21,0.16,8468.039999999999,6689.7516,7760.111855999999,7854.851855999998
157,2025-12-04,1570.65,6,Gaming,Contactless,284,Chile,39.78,0.16,0.16,9423.900000000001,7916.076000000001,9182.64816,9222.428160000001
158,2025-01-30,2197.22,5,Supermercado,Contactless,73,Mexico,101.96,0.13,0.16,10986.099999999999,9557.907,11087.172119999997,11189.132119999997
159,2025-09-10,1676.16,4,Jugueteria,Efectivo,212,Argentina,35.87,0.16,0.16,6704.64,5631.8976,6533.001216,6568.871216
160,2025-09-20,252.61,2,Automotriz,Wallet,45,Colombia,34.94,0.02,0.16,505.22,495.11560000000003,574.334096,609.2740960000001
161,2025-01-09,143.34,7,Oficina,Transferencia,163,Peru,162.84,0.02,0.16,1003.38,983.3124,1140.642384,1303.482384
162,2025-01-29,439.15,8,Oficina,Transferencia,83,Colombia,153.4,0.07,0.16,3513.2,3267.2759999999994,3790.040159999999,3943.440159999999
163,2025-10-17,966.78,8,Salud,Contactless,41,RD,192.37,0.09,0.16,7734.24,7038.1584,8164.263744,8356.633744
164,2025-09-02,1718.78,6,Mascotas,Efectivo,14,RD,40.58,0.22,0.16,10312.68,8043.8904,9330.912864,9371.492864
165,2025-11-30,2355.33,2,Oficina,Transferencia,18,Peru,142.11,0.05,0.16,4710.66,4475.1269999999995,5191.147319999999,5333.257319999999
166,2025-10-26,1166.62,6,Hogar,Wallet,97,Colombia,196.02,0.12,0.16,6999.719999999999,6159.753599999999,7145.314175999998,7341.3341759999985
167,2025-05-24,629.45,1,Jugueteria,Efectivo,35,Mexico,62.81,0.1,0.16,629.45,566.5050000000001,657.1458000000001,719.9558000000002
168,2025-09-16,2982.71,3,Moda,Efectivo,273,Brasil,164.81,0.1,0.16,8948.130000000001,8053.317000000001,9341.84772,9506.65772
169,2025-11-19,1493.59,1,Automotriz,Tarjeta,121,RD,52.5,0.13,0.16,1493.59,1299.4233,1507.3310279999998,1559.8310279999998
170,2025-02-28,798.97,9,Bebidas,Wallet,52,Chile,48.94,0.21,0.16,7190.7300000000005,5680.676700000001,6589.584972000001,6638.524972
171,2025-06-11,270.83,8,Tecnologia,Wallet,177,RD,36.27,0.19,0.16,2166.64,1754.9784,2035.7749439999998,2072.0449439999998
172,2025-05-26,2707.42,2,Automotriz,Contactless,211,RD,91.21,0.14,0.16,5414.84,4656.7624,5401.844383999999,5493.054383999999
173,2025-08-17,2795.03,8,Moda,Transferencia,255,Argentina,132.4,0.19,0.16,22360.24,18111.794400000002,21009.681504,21142.081504
174,2025-11-23,1708.45,9,Hogar,Tarjeta,89,Colombia,124.31,0.09,0.16,15376.050000000001,13992.205500000002,16230.958380000002,16355.268380000001
175,2025-12-30,401.13,1,Supermercado,Contactless,234,RD,175.93,0.15,0.16,401.13,340.96049999999997,395.51417999999995,571.44418
176,2025-06-29,1482.12,4,Automotriz,Efectivo,178,RD,34.66,0.1,0.16,5928.48,5335.632,6189.333119999999,6223.993119999999
177,2025-11-17,1262.49,5,Servicios,Transferencia,250,Brasil,94.0,0.13,0.16,6312.45,5491.8315,6370.524539999999,6464.524539999999
178,2025-07-06,2284.16,5,Bebidas,Transferencia,66,Peru,63.16,0.19,0.16,11420.8,9250.848,10730.98368,10794.14368
179,2025-09-08,244.43,7,Gaming,Wallet,202,Peru,63.86,0.12,0.16,1711.01,1505.6888,1746.5990079999997,1810.4590079999996
180,2025-11-11,1862.86,9,Jugueteria,Transferencia,177,Brasil,192.99,0.13,0.16,16765.739999999998,14586.193799999997,16919.984807999997,17112.974808
181,2025-09-18,929.26,4,Salud,Wallet,58,Argentina,54.73,0.02,0.16,3717.04,3642.6992,4225.531072,4280.261071999999
182,2025-02-18,1683.92,6,Jugueteria,Efectivo,26,Mexico,152.12,0.12,0.16,10103.52,8891.097600000001,10313.673216000001,10465.793216000002
183,2025-04-04,2491.79,6,Jugueteria,Wallet,220,Colombia,78.75,0.07,0.16,14950.74,13904.188199999999,16128.858311999997,16207.608311999997
184,2025-10-30,2382.75,1,Hogar,Tarjeta,135,Mexico,123.9,0.08,0.16,2382.75,2192.13,2542.8708,2666.7708000000002
185,2025-11-21,840.92,6,Moda,Contactless,244,Mexico,170.67,0.24,0.16,5045.5199999999995,3834.5951999999997,4448.130431999999,4618.800431999999
186,2025-05-19,813.74,2,Automotriz,Contactless,52,Argentina,144.79,0.19,0.16,1627.48,1318.2588,1529.180208,1673.970208
187,2025-05-09,2609.02,3,Bebidas,Wallet,275,Brasil,96.32,0.14,0.16,7827.0599999999995,6731.271599999999,7808.275055999999,7904.595055999998
188,2025-10-27,808.36,10,Moda,Transferencia,96,RD,199.49,0.22,0.16,8083.6,6305.2080000000005,7314.04128,7513.53128
189,2025-09-19,511.7,2,Oficina,Contactless,19,Brasil,143.59,0.05,0.16,1023.4,972.2299999999999,1127.7867999999999,1271.3767999999998
190,2025-11-14,565.79,4,Jugueteria,Tarjeta,186,RD,58.79,0.17,0.16,2263.16,1878.4227999999998,2178.9704479999996,2237.7604479999995
191,2025-12-22,1817.04,7,Tecnologia,Transferencia,201,Peru,137.11,0.09,0.16,12719.279999999999,11574.5448,13426.471967999998,13563.581967999999
192,2025-02-07,2569.32,5,Bebidas,Wallet,48,RD,75.01,0.06,0.16,12846.6,12075.804,14007.932639999999,14082.94264
193,2025-07-14,2674.59,4,Gaming,Contactless,171,Argentina,103.9,0.25,0.16,10698.36,8023.77,9307.5732,9411.4732
194,2025-08-29,1628.21,2,Jugueteria,Wallet,245,Peru,97.93,0.18,0.16,3256.42,2670.2644000000005,3097.5067040000004,3195.436704
195,2025-09-11,518.57,8,Salud,Tarjeta,247,Chile,42.98,0.01,0.16,4148.56,4107.0744,4764.206304,4807.186304
196,2025-01-04,2732.65,1,Jugueteria,Transferencia,157,RD,80.13,0.12,0.16,2732.65,2404.732,2789.4891199999997,2869.61912
197,2025-06-30,282.18,2,Servicios,Contactless,63,RD,46.79,0.21,0.16,564.36,445.8444,517.179504,563.9695039999999
198,2025-07-06,590.8,8,Gaming,Tarjeta,247,Peru,185.51,0.2,0.16,4726.4,3781.12,4386.0992,4571.6092
199,2025-03-12,2305.01,3,Bebidas,Contactless,81,RD,87.33,0.19,0.16,6915.030000000001,5601.174300000001,6497.362188,6584.692188
200,2025-06-26,2484.61,5,Gaming,Transferencia,291,RD,132.81,0.17,0.16,12423.050000000001,10311.1315,11960.91254,12093.722539999999
201,2025-08-03,849.79,1,Tecnologia,Transferencia,24,Brasil,48.18,0.2,0.16,849.79,679.832,788.6051199999999,836.7851199999999
202,2025-05-02,1432.03,3,Tecnologia,Wallet,104,Argentina,193.29,0.1,0.16,4296.09,3866.481,4485.11796,4678.40796
203,2025-11-30,2614.59,9,Salud,Efectivo,237,Brasil,147.15,0.11,0.16,23531.31,20942.8659,24293.724444,24440.874444
204,2025-05-09,2145.37,9,Oficina,Contactless,246,Mexico,102.95,0.21,0.16,19308.329999999998,15253.580699999999,17694.153612,17797.103612
205,2025-09-26,1750.62,10,Jugueteria,Tarjeta,129,Mexico,195.13,0.15,0.16,17506.199999999997,14880.269999999997,17261.113199999996,17456.243199999997
206,2025-06-06,1730.42,5,Servicios,Wallet,136,Colombia,125.27,0.07,0.16,8652.1,8046.4529999999995,9333.885479999999,9459.15548
207,2025-09-19,2335.13,7,Oficina,Wallet,217,Peru,95.78,0.0,0.16,16345.91,16345.91,18961.255599999997,19057.035599999996
208,2025-10-07,258.11,8,Servicios,Transferencia,245,Argentina,174.24,0.18,0.16,2064.88,1693.2016000000003,1964.1138560000002,2138.353856
209,2025-06-05,987.31,3,Bebidas,Transferencia,285,RD,164.74,0.03,0.16,2961.93,2873.0721,3332.7636359999997,3497.5036359999995
210,2025-03-22,2368.59,5,Bebidas,Efectivo,243,Argentina,68.57,0.01,0.16,11842.95,11724.5205,13600.44378,13669.01378
211,2025-04-04,2141.37,2,Supermercado,Contactless,89,Mexico,162.78,0.01,0.16,4282.74,4239.9126,4918.298615999999,5081.078615999999
212,2025-06-27,659.05,2,Bebidas,Transferencia,208,Brasil,63.6,0.01,0.16,1318.1,1304.9189999999999,1513.7060399999998,1577.3060399999997
213,2025-04-09,2022.07,4,Bebidas,Tarjeta,130,RD,82.87,0.06,0.16,8088.28,7602.9832,8819.460512,8902.330512
214,2025-12-26,1267.59,5,Servicios,Transferencia,279,Brasil,105.31,0.07,0.16,6337.95,5894.2935,6837.380459999999,6942.69046
215,2025-07-03,1359.55,3,Hogar,Efectivo,248,Colombia,186.35,0.17,0.16,4078.6499999999996,3385.2794999999996,3926.9242199999994,4113.274219999999
216,2025-10-04,2030.48,2,Tecnologia,Contactless,77,RD,133.98,0.03,0.16,4060.96,3939.1312,4569.392191999999,4703.372191999999
217,2025-09-28,1399.31,2,Mascotas,Efectivo,255,Argentina,88.54,0.15,0.16,2798.62,2378.8269999999998,2759.4393199999995,2847.9793199999995
218,2025-06-04,2117.79,10,Bebidas,Contactless,4,RD,35.67,0.08,0.16,21177.9,19483.668,22601.05488,22636.724879999998
219,2025-06-19,1902.14,9,Oficina,Transferencia,194,Chile,138.39,0.13,0.16,17119.260000000002,14893.756200000002,17276.757192,17415.147192
220,2025-08-01,2753.04,2,Jugueteria,Tarjeta,300,Brasil,56.51,0.17,0.16,5506.08,4570.046399999999,5301.2538239999985,5357.763823999999
221,2025-02-27,118.43,1,Mascotas,Transferencia,215,Mexico,176.31,0.18,0.16,118.43,97.11260000000001,112.65061600000001,288.960616
222,2025-01-24,165.14,6,Supermercado,Wallet,90,Chile,160.91,0.16,0.16,990.8399999999999,832.3055999999999,965.4744959999998,1126.384496
223,2025-04-18,376.51,7,Servicios,Contactless,271,Mexico,72.46,0.21,0.16,2635.5699999999997,2082.1003,2415.236348,2487.696348
224,2025-10-18,558.1,1,Gaming,Wallet,171,Chile,152.35,0.05,0.16,558.1,530.195,615.0262,767.3762
225,2025-03-26,1031.51,4,Moda,Wallet,30,RD,107.65,0.04,0.16,4126.04,3960.9984,4594.758143999999,4702.408143999999
226,2025-09-21,939.16,5,Hogar,Efectivo,159,Mexico,121.15,0.12,0.16,4695.8,4132.304,4793.47264,4914.62264
227,2025-08-20,1104.72,4,Servicios,Tarjeta,1,Argentina,83.7,0.13,0.16,4418.88,3844.4256,4459.5336959999995,4543.233695999999
228,2025-11-21,1351.19,4,Servicios,Efectivo,254,Peru,50.54,0.01,0.16,5404.76,5350.7124,6206.826384,6257.366384
229,2025-02-18,1626.84,7,Hogar,Tarjeta,214,Peru,147.88,0.11,0.16,11387.88,10135.2132,11756.847312,11904.727311999999
230,2025-05-20,820.45,10,Bebidas,Contactless,98,Brasil,141.12,0.24,0.16,8204.5,6235.42,7233.0872,7374.2072
231,2025-03-05,1626.17,5,Tecnologia,Wallet,107,Mexico,185.48,0.14,0.16,8130.85,6992.531,8111.335959999999,8296.81596
232,2025-02-26,269.25,10,Tecnologia,Contactless,235,Brasil,95.81,0.06,0.16,2692.5,2530.95,2935.9019999999996,3031.7119999999995
233,2025-05-23,879.96,8,Moda,Contactless,159,Colombia,73.87,0.02,0.16,7039.68,6898.8864,8002.708224,8076.578224
234,2025-02-26,2787.23,2,Mascotas,Wallet,170,Mexico,174.98,0.09,0.16,5574.46,5072.7586,5884.399976,6059.379975999999
235,2025-03-03,1519.17,10,Supermercado,Transferencia,198,Argentina,71.92,0.18,0.16,15191.7,12457.194000000001,14450.34504,14522.26504
236,2025-10-15,1548.03,8,Servicios,Wallet,20,Peru,156.18,0.15,0.16,12384.24,10526.604,12210.860639999999,12367.04064
237,2025-05-31,2548.24,6,Automotriz,Efectivo,143,Peru,182.05,0.25,0.16,15289.439999999999,11467.079999999998,13301.812799999996,13483.862799999995
238,2025-12-17,1486.85,5,Bebidas,Efectivo,14,Argentina,61.94,0.07,0.16,7434.25,6913.8525,8020.068899999999,8082.008899999999
239,2025-04-20,49.54,1,Gaming,Tarjeta,115,Chile,189.63,0.18,0.16,49.54,40.622800000000005,47.122448000000006,236.75244800000002
240,2025-08-20,405.75,7,Mascotas,Transferencia,249,Brasil,66.7,0.19,0.16,2840.25,2300.6025,2668.6989,2735.3988999999997
241,2025-12-29,2652.82,1,Salud,Transferencia,265,Brasil,44.01,0.15,0.16,2652.82,2254.897,2615.68052,2659.69052
242,2025-11-13,1898.85,3,Jugueteria,Tarjeta,46,Colombia,193.06,0.23,0.16,5696.549999999999,4386.3435,5088.15846,5281.21846
243,2025-02-14,1313.23,5,Tecnologia,Wallet,275,Argentina,30.57,0.22,0.16,6566.15,5121.597,5941.052519999999,5971.622519999999
244,2025-11-12,21.37,1,Bebidas,Transferencia,144,Brasil,126.79,0.02,0.16,21.37,20.942600000000002,24.293416,151.083416
245,2025-08-22,2933.27,8,Tecnologia,Transferencia,219,RD,48.62,0.02,0.16,23466.16,22996.8368,26676.330688,26724.950687999997
246,2025-06-04,2607.45,7,Tecnologia,Transferencia,124,Peru,38.5,0.08,0.16,18252.149999999998,16791.978,19478.69448,19517.19448
247,2025-06-11,1474.22,7,Servicios,Transferencia,127,Colombia,141.94,0.16,0.16,10319.54,8668.4136,10055.359776,10197.299776
248,2025-01-29,932.36,7,Moda,Contactless,39,Colombia,196.28,0.17,0.16,6526.52,5417.0116,6283.733455999999,6480.013455999999
249,2025-04-29,779.98,2,Moda,Wallet,39,Argentina,193.0,0.2,0.16,1559.96,1247.968,1447.6428799999999,1640.6428799999999
250,2025-12-13,2414.01,1,Moda,Tarjeta,177,Mexico,97.57,0.08,0.16,2414.01,2220.8892,2576.231472,2673.801472
251,2025-03-18,1738.7,2,Mascotas,Wallet,223,Colombia,41.65,0.11,0.16,3477.4,3094.886,3590.06776,3631.71776
252,2025-08-14,1771.1,10,Mascotas,Efectivo,69,Argentina,41.79,0.09,0.16,17711.0,16117.01,18695.7316,18737.5216
253,2025-11-03,290.04,3,Moda,Wallet,184,Colombia,131.3,0.2,0.16,870.1200000000001,696.0960000000001,807.4713600000001,938.7713600000002
254,2025-07-06,1757.74,3,Hogar,Tarjeta,41,Argentina,68.28,0.15,0.16,5273.22,4482.237,5199.39492,5267.6749199999995
255,2025-10-13,227.57,6,Moda,Wallet,265,Chile,110.04,0.24,0.16,1365.42,1037.7192,1203.754272,1313.7942719999999
256,2025-11-01,1593.9,6,Supermercado,Contactless,19,Peru,78.75,0.19,0.16,9563.400000000001,7746.354000000002,8985.770640000002,9064.520640000002
257,2025-08-18,489.12,2,Automotriz,Transferencia,209,Argentina,168.57,0.2,0.16,978.24,782.5920000000001,907.80672,1076.37672
258,2025-04-23,1570.93,4,Automotriz,Tarjeta,20,Colombia,102.1,0.01,0.16,6283.72,6220.8828,7216.224048,7318.324048
259,2025-06-01,1061.39,5,Servicios,Efectivo,183,Peru,158.03,0.03,0.16,5306.950000000001,5147.741500000001,5971.380140000001,6129.410140000001
260,2025-09-02,2055.05,5,Servicios,Wallet,146,Argentina,143.62,0.18,0.16,10275.25,8425.705,9773.817799999999,9917.4378
261,2025-10-11,1697.48,2,Hogar,Efectivo,234,Colombia,78.53,0.13,0.16,3394.96,2953.6152,3426.193632,3504.723632
262,2025-09-25,977.18,5,Tecnologia,Efectivo,247,Colombia,96.08,0.02,0.16,4885.9,4788.182,5554.291119999999,5650.371119999999
263,2025-12-21,1275.42,2,Moda,Wallet,206,Peru,99.13,0.14,0.16,2550.84,2193.7224,2544.717984,2643.847984
264,2025-09-06,664.02,7,Oficina,Wallet,52,Colombia,41.14,0.05,0.16,4648.139999999999,4415.732999999999,5122.250279999998,5163.390279999999
265,2025-08-16,1550.85,7,Tecnologia,Efectivo,184,Chile,117.45,0.01,0.16,10855.949999999999,10747.3905,12466.972979999999,12584.42298
266,2025-12-24,809.85,3,Oficina,Contactless,85,Brasil,77.71,0.06,0.16,2429.55,2283.777,2649.1813199999997,2726.8913199999997
267,2025-01-26,1379.87,6,Gaming,Contactless,235,Peru,138.84,0.24,0.16,8279.22,6292.2072,7298.960351999999,7437.800351999999
268,2025-03-27,185.93,10,Moda,Tarjeta,226,Brasil,152.99,0.07,0.16,1859.3000000000002,1729.1490000000001,2005.81284,2158.8028400000003
269,2025-06-22,1176.46,4,Supermercado,Transferencia,131,Chile,193.37,0.2,0.16,4705.84,3764.6720000000005,4367.01952,4560.38952
270,2025-02-04,1728.09,9,Hogar,Contactless,150,Chile,163.63,0.22,0.16,15552.81,12131.1918,14072.182488,14235.812488
271,2025-12-03,1629.87,3,Supermercado,Wallet,243,Mexico,71.68,0.17,0.16,4889.61,4058.3762999999994,4707.716507999999,4779.396507999999
272,2025-05-05,1098.83,6,Servicios,Tarjeta,296,RD,113.34,0.11,0.16,6592.98,5867.7522,6806.592551999999,6919.932551999999
273,2025-06-22,399.22,1,Salud,Transferencia,250,Chile,146.66,0.14,0.16,399.22,343.3292,398.261872,544.921872
274,2025-06-21,2756.0,4,Supermercado,Efectivo,204,Chile,62.03,0.16,0.16,11024.0,9260.16,10741.7856,10803.8156
275,2025-05-16,2954.14,6,Salud,Contactless,83,Colombia,193.7,0.22,0.16,17724.84,13825.3752,16037.435232,16231.135232
276,2025-07-09,1093.58,1,Automotriz,Contactless,42,Colombia,153.87,0.22,0.16,1093.58,852.9924,989.4711839999999,1143.3411839999999
277,2025-10-06,474.6,6,Supermercado,Efectivo,242,Brasil,150.48,0.06,0.16,2847.6000000000004,2676.744,3105.02304,3255.50304
278,2025-12-23,2118.98,9,Mascotas,Transferencia,233,RD,67.66,0.16,0.16,19070.82,16019.4888,18582.607008,18650.267008
279,2025-03-19,614.91,3,Oficina,Contactless,180,Mexico,88.91,0.19,0.16,1844.73,1494.2313000000001,1733.3083080000001,1822.2183080000002
280,2025-05-10,1925.41,10,Oficina,Transferencia,16,Brasil,46.82,0.13,0.16,19254.100000000002,16751.067000000003,19431.23772,19478.05772
281,2025-05-23,2510.99,2,Servicios,Wallet,229,Brasil,84.84,0.14,0.16,5021.98,4318.9028,5009.927247999999,5094.767247999999
282,2025-03-30,1771.9,2,Supermercado,Contactless,24,Colombia,119.25,0.15,0.16,3543.8,3012.23,3494.1868,3613.4368
283,2025-06-11,2455.16,6,Jugueteria,Tarjeta,111,Chile,84.95,0.21,0.16,14730.96,11637.4584,13499.451743999998,13584.401743999999
284,2025-07-29,2223.71,5,Mascotas,Tarjeta,17,Mexico,103.2,0.03,0.16,11118.55,10784.993499999999,12510.592459999998,12613.792459999999
285,2025-08-24,2355.41,2,Hogar,Transferencia,78,Colombia,131.02,0.05,0.16,4710.82,4475.2789999999995,5191.323639999999,5322.343639999999
286,2025-09-01,324.12,3,Servicios,Efectivo,289,Chile,118.7,0.19,0.16,972.36,787.6116000000001,913.629456,1032.329456
287,2025-10-11,457.59,1,Automotriz,Contactless,287,Colombia,89.38,0.07,0.16,457.59,425.55869999999993,493.6480919999999,583.0280919999999
288,2025-11-03,1778.02,7,Servicios,Transferencia,293,RD,56.19,0.09,0.16,12446.14,11325.9874,13138.145384,13194.335384
289,2025-07-26,355.11,7,Oficina,Efectivo,121,Chile,30.16,0.25,0.16,2485.77,1864.3274999999999,2162.6198999999997,2192.7798999999995
290,2025-10-29,2490.95,7,Jugueteria,Efectivo,204,Colombia,35.05,0.24,0.16,17436.649999999998,13251.854,15372.150639999998,15407.200639999997
291,2025-09-11,2722.6,2,Bebidas,Wallet,159,Chile,137.34,0.04,0.16,5445.2,5227.392,6063.774719999999,6201.11472
292,2025-04-17,1758.25,9,Tecnologia,Tarjeta,246,Brasil,89.32,0.17,0.16,15824.25,13134.127499999999,15235.587899999997,15324.907899999997
293,2025-10-13,2636.68,9,Jugueteria,Transferencia,7,Chile,81.72,0.06,0.16,23730.12,22306.312799999996,25875.322847999993,25957.042847999994
294,2025-02-11,1149.14,5,Servicios,Contactless,126,Mexico,44.87,0.09,0.16,5745.700000000001,5228.587,6065.16092,6110.03092
295,2025-06-13,1927.71,2,Bebidas,Efectivo,7,Mexico,66.68,0.16,0.16,3855.42,3238.5528,3756.721248,3823.4012479999997
296,2025-12-27,2681.01,2,Moda,Efectivo,241,Colombia,173.6,0.23,0.16,5362.02,4128.7554,4789.356264,4962.956264
297,2025-12-24,1386.72,2,Moda,Transferencia,141,Chile,194.91,0.03,0.16,2773.44,2690.2368,3120.674688,3315.584688
298,2025-01-04,2411.91,10,Supermercado,Efectivo,265,RD,189.43,0.09,0.16,24119.1,21948.381,25460.12196,25649.55196
299,2025-03-21,1991.36,1,Hogar,Transferencia,53,Brasil,39.02,0.01,0.16,1991.36,1971.4463999999998,2286.8778239999997,2325.8978239999997
300,2025-07-28,2235.82,10,Moda,Efectivo,88,Colombia,97.28,0.05,0.16,22358.2,21240.29,24638.736399999998,24736.016399999997
301,2025-05-14,440.7,3,Salud,Efectivo,174,RD,149.17,0.13,0.16,1322.1,1150.2269999999999,1334.2633199999998,1483.4333199999999
302,2025-11-22,2241.6,3,Supermercado,Contactless,45,Peru,87.79,0.2,0.16,6724.799999999999,5379.84,6240.6143999999995,6328.404399999999
303,2025-03-07,2785.93,4,Supermercado,Efectivo,53,Mexico,165.04,0.14,0.16,11143.72,9583.599199999999,11116.975071999997,11282.015071999998
304,2025-03-14,1950.68,3,Mascotas,Contactless,79,Peru,183.59,0.12,0.16,5852.04,5149.7952,5973.7624319999995,6157.352432
305,2025-09-10,963.86,7,Moda,Transferencia,103,Mexico,107.03,0.21,0.16,6747.02,5330.1458,6182.969128,6289.9991279999995
306,2025-08-29,2262.58,6,Moda,Tarjeta,185,Brasil,126.06,0.19,0.16,13575.48,10996.1388,12755.521008,12881.581008
307,2025-09-19,2660.05,9,Automotriz,Transferencia,255,Mexico,113.09,0.24,0.16,23940.45,18194.742000000002,21105.90072,21218.99072
308,2025-11-05,1758.96,2,Tecnologia,Efectivo,143,Colombia,33.67,0.23,0.16,3517.92,2708.7984,3142.2061439999998,3175.876144
309,2025-06-03,2328.9,9,Servicios,Contactless,155,Colombia,149.95,0.22,0.16,20960.100000000002,16348.878000000002,18964.698480000003,19114.648480000003
310,2025-06-07,2506.84,3,Oficina,Efectivo,221,Argentina,169.19,0.02,0.16,7520.52,7370.109600000001,8549.327136,8718.517136
311,2025-11-21,712.95,7,Automotriz,Efectivo,281,Colombia,168.01,0.06,0.16,4990.650000000001,4691.211,5441.80476,5609.81476
312,2025-08-10,272.14,4,Gaming,Wallet,96,RD,134.9,0.25,0.16,1088.56,816.42,947.0471999999999,1081.9471999999998
313,2025-08-11,178.01,2,Servicios,Contactless,289,Mexico,80.89,0.05,0.16,356.02,338.219,392.33403999999996,473.22403999999995
314,2025-08-16,1674.11,8,Tecnologia,Wallet,61,Mexico,116.03,0.11,0.16,13392.88,11919.663199999999,13826.809311999998,13942.839311999998
315,2025-09-12,1765.58,2,Salud,Contactless,91,RD,111.34,0.11,0.16,3531.16,3142.7324,3645.5695839999994,3756.9095839999995
316,2025-09-21,2217.15,5,Tecnologia,Tarjeta,13,Mexico,60.87,0.15,0.16,11085.75,9422.887499999999,10930.549499999997,10991.419499999998
317,2025-09-19,2090.8,5,Oficina,Contactless,173,Chile,53.48,0.15,0.16,10454.0,8885.9,10307.643999999998,10361.123999999998
318,2025-08-15,904.58,5,Tecnologia,Contactless,164,Mexico,147.55,0.01,0.16,4522.900000000001,4477.671,5194.09836,5341.64836
319,2025-09-30,1314.45,10,Tecnologia,Tarjeta,121,RD,84.13,0.09,0.16,13144.5,11961.495,13875.3342,13959.464199999999
320,2025-03-29,1782.03,6,Supermercado,Wallet,205,Argentina,32.05,0.04,0.16,10692.18,10264.4928,11906.811647999999,11938.861647999998
321,2025-06-15,88.4,6,Hogar,Wallet,177,Colombia,111.5,0.09,0.16,530.4000000000001,482.6640000000001,559.8902400000001,671.3902400000001
322,2025-10-15,584.1,3,Salud,Efectivo,191,Mexico,43.97,0.17,0.16,1752.3000000000002,1454.409,1687.11444,1731.08444
323,2025-12-14,128.17,10,Automotriz,Wallet,231,Colombia,167.38,0.24,0.16,1281.6999999999998,974.0919999999999,1129.9467199999997,1297.3267199999996
324,2025-11-06,52.25,10,Bebidas,Contactless,229,RD,179.02,0.18,0.16,522.5,428.45000000000005,497.002,676.022
325,2025-10-18,1647.62,7,Gaming,Tarjeta,65,Peru,147.99,0.18,0.16,11533.34,9457.338800000001,10970.513008000002,11118.503008000002
326,2025-02-20,1683.18,1,Tecnologia,Wallet,203,Peru,119.72,0.08,0.16,1683.18,1548.5256000000002,1796.289696,1916.009696
327,2025-07-26,1166.0,10,Hogar,Efectivo,35,RD,60.98,0.11,0.16,11660.0,10377.4,12037.784,12098.764
328,2025-12-24,2848.82,6,Bebidas,Efectivo,162,Colombia,118.11,0.08,0.16,17092.920000000002,15725.486400000002,18241.564224,18359.674224000002
329,2025-07-04,1271.91,6,Bebidas,Transferencia,44,Colombia,128.8,0.09,0.16,7631.460000000001,6944.628600000001,8055.769176000001,8184.569176000001
330,2025-01-24,2724.83,1,Salud,Wallet,102,Mexico,130.62,0.05,0.16,2724.83,2588.5885,3002.7626599999994,3133.3826599999993
331,2025-02-15,2517.25,10,Moda,Transferencia,127,Peru,103.88,0.04,0.16,25172.5,24165.6,28032.095999999998,28135.976
332,2025-10-04,2862.1,9,Salud,Wallet,253,Chile,66.27,0.17,0.16,25758.899999999998,21379.887,24800.668919999996,24866.938919999997
333,2025-07-02,343.84,4,Moda,Efectivo,148,Brasil,174.13,0.22,0.16,1375.36,1072.7808,1244.425728,1418.5557279999998
334,2025-11-28,2794.48,2,Hogar,Contactless,167,Argentina,36.26,0.14,0.16,5588.96,4806.5055999999995,5575.546495999999,5611.806495999999
335,2025-01-07,1680.38,8,Bebidas,Wallet,190,Brasil,174.39,0.12,0.16,13443.04,11829.8752,13722.655232,13897.045231999999
336,2025-09-10,126.4,7,Moda,Tarjeta,50,Chile,85.92,0.25,0.16,884.8000000000001,663.6,769.776,855.6959999999999
337,2025-06-18,1200.56,8,Automotriz,Contactless,72,Colombia,157.6,0.25,0.16,9604.48,7203.36,8355.897599999998,8513.497599999999
338,2025-12-05,239.7,8,Moda,Tarjeta,112,Colombia,192.73,0.04,0.16,1917.6,1840.896,2135.43936,2328.16936
339,2025-05-26,337.19,5,Servicios,Efectivo,83,RD,181.35,0.23,0.16,1685.95,1298.1815000000001,1505.89054,1687.24054
340,2025-09-24,2324.82,3,Hogar,Wallet,39,RD,174.49,0.1,0.16,6974.460000000001,6277.014000000001,7281.3362400000005,7455.82624
341,2025-04-23,2203.04,10,Oficina,Tarjeta,3,Chile,174.12,0.06,0.16,22030.4,20708.576,24021.94816,24196.06816
342,2025-09-22,657.79,4,Hogar,Tarjeta,135,Argentina,46.32,0.07,0.16,2631.16,2446.9788,2838.4954079999998,2884.815408
343,2025-08-08,1000.1,3,Mascotas,Contactless,239,Argentina,144.13,0.22,0.16,3000.3,2340.2340000000004,2714.67144,2858.80144
344,2025-08-29,1919.42,1,Gaming,Contactless,24,Chile,67.5,0.2,0.16,1919.42,1535.536,1781.22176,1848.72176
345,2025-06-09,1871.6,3,Tecnologia,Tarjeta,90,Mexico,37.6,0.13,0.16,5614.799999999999,4884.875999999999,5666.456159999999,5704.056159999999
346,2025-04-17,1538.35,7,Supermercado,Contactless,158,Chile,32.85,0.08,0.16,10768.449999999999,9906.974,11492.089839999999,11524.93984
347,2025-05-17,338.47,7,Oficina,Efectivo,130,RD,96.79,0.22,0.16,2369.29,1848.0462,2143.733592,2240.523592
348,2025-04-25,1584.36,6,Mascotas,Contactless,280,RD,68.48,0.15,0.16,9506.16,8080.236,9373.07376,9441.553759999999
349,2025-03-31,1262.67,6,Hogar,Wallet,114,RD,145.13,0.05,0.16,7576.02,7197.219,8348.77404,8493.90404
350,2025-04-18,1853.34,8,Servicios,Tarjeta,114,Brasil,124.56,0.01,0.16,14826.72,14678.4528,17027.005247999998,17151.565248
351,2025-11-02,2256.27,7,Oficina,Transferencia,43,Peru,140.32,0.18,0.16,15793.89,12950.989800000001,15023.148168,15163.468168
352,2025-07-14,1936.45,4,Oficina,Transferencia,116,Colombia,116.62,0.09,0.16,7745.8,7048.678000000001,8176.46648,8293.08648
353,2025-12-18,871.22,6,Salud,Wallet,8,Argentina,40.83,0.11,0.16,5227.32,4652.3148,5396.685168,5437.515168
354,2025-06-20,844.35,10,Supermercado,Tarjeta,274,RD,60.28,0.03,0.16,8443.5,8190.195,9500.626199999999,9560.9062
355,2025-04-13,2666.27,5,Automotriz,Efectivo,100,Colombia,167.45,0.22,0.16,13331.35,10398.453000000001,12062.20548,12229.655480000001
356,2025-05-07,2504.69,8,Salud,Contactless,60,Chile,168.19,0.11,0.16,20037.52,17833.3928,20686.735648,20854.925648
357,2025-12-02,1850.98,2,Oficina,Wallet,234,Mexico,162.27,0.18,0.16,3701.96,3035.6072000000004,3521.304352,3683.574352
358,2025-06-18,917.71,3,Tecnologia,Transferencia,2,Brasil,145.27,0.16,0.16,2753.13,2312.6292,2682.6498719999995,2827.9198719999995
359,2025-01-23,1337.36,7,Tecnologia,Efectivo,162,Peru,177.86,0.08,0.16,9361.519999999999,8612.598399999999,9990.614143999997,10168.474143999998
360,2025-08-01,1397.65,8,Gaming,Wallet,289,Mexico,43.31,0.03,0.16,11181.2,10845.764000000001,12581.08624,12624.39624
361,2025-04-08,2636.52,6,Salud,Wallet,191,RD,67.64,0.13,0.16,15819.119999999999,13762.634399999999,15964.655903999997,16032.295903999997
362,2025-11-03,1599.55,10,Oficina,Tarjeta,100,Colombia,130.08,0.13,0.16,15995.5,13916.085,16142.658599999997,16272.738599999997
363,2025-08-12,416.41,5,Moda,Transferencia,7,Colombia,79.11,0.22,0.16,2082.05,1623.9990000000003,1883.8388400000001,1962.94884
364,2025-07-18,900.3,10,Bebidas,Wallet,91,Argentina,93.0,0.06,0.16,9003.0,8462.82,9816.8712,9909.8712
365,2025-02-27,788.84,6,Servicios,Wallet,100,Brasil,179.2,0.2,0.16,4733.04,3786.4320000000002,4392.26112,4571.46112
366,2025-11-07,795.56,6,Hogar,Tarjeta,91,Chile,183.53,0.06,0.16,4773.36,4486.9583999999995,5204.871743999999,5388.401743999999
367,2025-08-05,2106.83,5,Jugueteria,Efectivo,70,Peru,142.98,0.17,0.16,10534.15,8743.3445,10142.279619999998,10285.259619999997
368,2025-01-04,2239.05,5,Supermercado,Wallet,10,Mexico,180.8,0.02,0.16,11195.25,10971.345,12726.760199999999,12907.560199999998
369,2025-07-29,426.28,2,Automotriz,Contactless,155,Argentina,106.73,0.04,0.16,852.56,818.4576,949.4108159999998,1056.1408159999999
370,2025-10-04,2454.93,1,Oficina,Transferencia,259,Colombia,112.14,0.22,0.16,2454.93,1914.8454,2221.220664,2333.360664
371,2025-12-10,2888.02,1,Mascotas,Tarjeta,151,Argentina,55.03,0.17,0.16,2888.02,2397.0566,2780.5856559999997,2835.615656
372,2025-12-06,2450.66,6,Jugueteria,Efectivo,53,Chile,49.85,0.22,0.16,14703.96,11469.0888,13304.143008,13353.993008
373,2025-06-20,142.62,3,Tecnologia,Wallet,192,Brasil,112.45,0.19,0.16,427.86,346.56660000000005,402.01725600000003,514.467256
374,2025-03-29,1321.77,7,Hogar,Transferencia,81,RD,155.92,0.04,0.16,9252.39,8882.294399999999,10303.461503999997,10459.381503999997
375,2025-12-04,348.43,7,Oficina,Wallet,182,Brasil,45.24,0.23,0.16,2439.01,1878.0377000000003,2178.523732,2223.763732
376,2025-09-11,999.45,10,Gaming,Wallet,223,Mexico,192.68,0.06,0.16,9994.5,9394.83,10898.002799999998,11090.682799999999
377,2025-11-02,2820.0,5,Tecnologia,Contactless,188,RD,107.75,0.2,0.16,14100.0,11280.0,13084.8,13192.55
378,2025-12-04,2790.65,2,Oficina,Transferencia,149,RD,184.28,0.05,0.16,5581.3,5302.235,6150.592599999999,6334.872599999999
379,2025-05-25,1668.43,8,Servicios,Efectivo,78,Argentina,179.32,0.12,0.16,13347.44,11745.7472,13625.066751999999,13804.386751999999
380,2025-03-22,1237.19,8,Servicios,Wallet,151,Colombia,132.92,0.05,0.16,9897.52,9402.644,10907.06704,11039.98704
381,2025-11-13,102.07,7,Oficina,Contactless,242,Chile,78.56,0.16,0.16,714.49,600.1716,696.1990559999999,774.7590559999999
382,2025-06-01,1008.54,10,Automotriz,Tarjeta,264,Colombia,134.77,0.15,0.16,10085.4,8572.59,9944.204399999999,10078.9744
383,2025-11-28,1043.14,10,Servicios,Wallet,270,Argentina,104.81,0.21,0.16,10431.400000000001,8240.806000000002,9559.334960000002,9664.144960000001
384,2025-05-31,809.31,1,Jugueteria,Contactless,273,RD,172.37,0.17,0.16,809.31,671.7272999999999,779.2036679999999,951.5736679999999
385,2025-08-18,2325.78,5,Automotriz,Wallet,154,Argentina,68.31,0.04,0.16,11628.900000000001,11163.744,12949.94304,13018.25304
386,2025-02-20,999.01,4,Tecnologia,Efectivo,55,Argentina,115.08,0.23,0.16,3996.04,3076.9508,3569.2629279999996,3684.3429279999996
387,2025-07-26,2281.98,5,Gaming,Tarjeta,80,Brasil,69.74,0.14,0.16,11409.9,9812.514,11382.516239999999,11452.256239999999
388,2025-07-12,999.0,1,Oficina,Contactless,255,Argentina,72.57,0.1,0.16,999.0,899.1,1042.956,1115.5259999999998
389,2025-07-01,38.51,10,Oficina,Wallet,265,Mexico,138.04,0.06,0.16,385.09999999999997,361.99399999999997,419.9130399999999,557.9530399999999
390,2025-04-10,56.3,8,Tecnologia,Transferencia,289,RD,191.19,0.16,0.16,450.4,378.33599999999996,438.8697599999999,630.0597599999999
391,2025-07-04,105.93,9,Gaming,Wallet,60,Argentina,190.53,0.24,0.16,953.3700000000001,724.5612000000001,840.490992,1031.020992
392,2025-08-01,2954.75,8,Jugueteria,Wallet,205,Argentina,104.89,0.06,0.16,23638.0,22219.719999999998,25774.875199999995,25879.765199999994
393,2025-03-21,2605.53,3,Supermercado,Wallet,164,Brasil,62.5,0.02,0.16,7816.59,7660.2582,8885.899512,8948.399512
394,2025-08-04,2199.88,5,Bebidas,Efectivo,194,Chile,188.45,0.09,0.16,10999.400000000001,10009.454000000002,11610.96664,11799.416640000001
395,2025-01-30,2997.86,5,Moda,Efectivo,248,Mexico,162.41,0.02,0.16,14989.300000000001,14689.514000000001,17039.83624,17202.24624
396,2025-07-09,1617.43,8,Supermercado,Wallet,213,RD,147.62,0.11,0.16,12939.44,11516.1016,13358.677855999998,13506.297856
397,2025-08-03,1660.92,2,Oficina,Contactless,218,Colombia,109.25,0.15,0.16,3321.84,2823.564,3275.3342399999997,3384.5842399999997
398,2025-03-17,1039.93,7,Automotriz,Efectivo,249,Chile,113.16,0.15,0.16,7279.51,6187.5835,7177.596859999999,7290.756859999999
399,2025-02-11,2869.83,6,Mascotas,Transferencia,139,Peru,134.6,0.04,0.16,17218.98,16530.2208,19175.056127999997,19309.656127999995
400,2025-05-05,823.1,7,Gaming,Wallet,145,Mexico,170.88,0.03,0.16,5761.7,5588.848999999999,6483.064839999999,6653.944839999999
401,2025-04-14,955.24,7,Servicios,Contactless,95,Argentina,151.69,0.04,0.16,6686.68,6419.2128,7446.286848,7597.976847999999
402,2025-03-03,508.23,4,Jugueteria,Transferencia,45,Chile,169.74,0.03,0.16,2032.92,1971.9324,2287.4415839999997,2457.181584
403,2025-09-01,486.1,6,Salud,Wallet,259,Colombia,115.62,0.06,0.16,2916.6000000000004,2741.6040000000003,3180.26064,3295.88064
404,2025-05-23,1255.7,4,Servicios,Wallet,134,Mexico,176.02,0.05,0.16,5022.8,4771.66,5535.125599999999,5711.1456
405,2025-06-28,2535.32,5,Jugueteria,Wallet,109,Peru,115.39,0.17,0.16,12676.6,10521.578,12205.03048,12320.420479999999
406,2025-12-24,2835.42,3,Jugueteria,Tarjeta,19,RD,174.43,0.05,0.16,8506.26,8080.947,9373.898519999999,9548.32852
407,2025-05-13,688.29,3,Moda,Transferencia,184,Argentina,105.24,0.22,0.16,2064.87,1610.5986,1868.2943759999998,1973.5343759999998
408,2025-08-30,952.82,6,Mascotas,Wallet,116,Chile,191.2,0.23,0.16,5716.92,4402.0284,5106.352944,5297.552944
409,2025-07-26,565.55,5,Supermercado,Tarjeta,155,Brasil,107.8,0.06,0.16,2827.75,2658.085,3083.3786,3191.1786
410,2025-01-06,214.71,1,Gaming,Transferencia,105,Argentina,88.5,0.13,0.16,214.71,186.7977,216.685332,305.185332
411,2025-05-21,1296.83,2,Gaming,Transferencia,113,Colombia,174.04,0.16,0.16,2593.66,2178.6744,2527.262304,2701.302304
412,2025-03-15,980.12,3,Moda,Efectivo,164,Colombia,166.76,0.1,0.16,2940.36,2646.324,3069.73584,3236.4958399999996
413,2025-10-10,1961.84,6,Moda,Transferencia,251,Brasil,115.13,0.06,0.16,11771.039999999999,11064.777599999998,12835.142015999996,12950.272015999995
414,2025-06-01,530.04,9,Moda,Contactless,194,Chile,87.87,0.17,0.16,4770.36,3959.3987999999995,4592.902607999999,4680.772607999999
415,2025-10-24,2113.9,1,Moda,Wallet,22,Peru,180.2,0.21,0.16,2113.9,1669.9810000000002,1937.1779600000002,2117.3779600000003
416,2025-07-07,2007.15,3,Servicios,Contactless,56,RD,60.51,0.1,0.16,6021.450000000001,5419.305000000001,6286.393800000001,6346.903800000001
417,2025-10-16,2364.85,7,Supermercado,Tarjeta,217,Peru,51.43,0.12,0.16,16553.95,14567.476,16898.27216,16949.70216
418,2025-04-18,1312.93,2,Salud,Tarjeta,54,Peru,57.1,0.03,0.16,2625.86,2547.0842000000002,2954.617672,3011.7176719999998
419,2025-07-11,1699.42,1,Oficina,Wallet,180,Chile,166.56,0.21,0.16,1699.42,1342.5418000000002,1557.348488,1723.908488
420,2025-05-10,1337.48,1,Mascotas,Transferencia,77,Peru,151.96,0.02,0.16,1337.48,1310.7304,1520.447264,1672.407264
421,2025-09-25,2660.53,4,Tecnologia,Contactless,211,Peru,169.47,0.01,0.16,10642.12,10535.6988,12221.410608,12390.880608
422,2025-05-16,1281.44,1,Mascotas,Contactless,289,Chile,134.39,0.01,0.16,1281.44,1268.6256,1471.605696,1605.995696
423,2025-02-20,1969.35,5,Hogar,Transferencia,127,Brasil,167.7,0.01,0.16,9846.75,9748.2825,11308.007699999998,11475.707699999999
424,2025-03-07,207.81,2,Salud,Wallet,69,Argentina,168.74,0.09,0.16,415.62,378.2142,438.72847199999995,607.468472
425,2025-10-26,536.66,5,Moda,Transferencia,217,RD,166.4,0.01,0.16,2683.2999999999997,2656.4669999999996,3081.5017199999993,3247.9017199999994
426,2025-09-15,771.26,5,Gaming,Transferencia,107,Mexico,97.85,0.2,0.16,3856.3,3085.0400000000004,3578.6464,3676.4964
427,2025-01-21,2068.52,3,Moda,Efectivo,172,Chile,151.93,0.1,0.16,6205.5599999999995,5585.004,6478.60464,6630.53464
428,2025-06-12,2140.55,8,Jugueteria,Efectivo,293,Mexico,116.74,0.17,0.16,17124.4,14213.252,16487.37232,16604.11232
429,2025-11-23,660.07,8,Servicios,Contactless,155,Brasil,110.93,0.2,0.16,5280.56,4224.448,4900.3596800000005,5011.289680000001
430,2025-12-09,2860.16,7,Jugueteria,Tarjeta,230,Peru,91.32,0.22,0.16,20021.12,15616.4736,18115.109375999997,18206.429375999996
431,2025-03-03,651.99,8,Gaming,Tarjeta,41,Chile,180.03,0.16,0.16,5215.92,4381.3728,5082.392448,5262.422447999999
432,2025-10-07,1583.54,4,Automotriz,Efectivo,243,Chile,56.17,0.1,0.16,6334.16,5700.744,6612.863039999999,6669.033039999999
433,2025-01-09,647.48,8,Hogar,Contactless,155,Peru,153.48,0.09,0.16,5179.84,4713.6544,5467.839104,5621.319103999999
434,2025-06-14,2360.68,8,Mascotas,Efectivo,192,Chile,189.15,0.18,0.16,18885.44,15486.0608,17963.830528,18152.980528
435,2025-07-31,2985.09,9,Servicios,Efectivo,43,Peru,99.44,0.03,0.16,26865.81,26059.8357,30229.409411999997,30328.849411999996
436,2025-06-27,1778.02,2,Mascotas,Transferencia,33,Mexico,152.91,0.05,0.16,3556.04,3378.238,3918.7560799999997,4071.6660799999995
437,2025-07-08,2284.99,2,Moda,Wallet,293,Argentina,165.33,0.02,0.16,4569.98,4478.5804,5195.153264,5360.4832639999995
438,2025-09-22,1226.47,4,Mascotas,Contactless,100,Mexico,164.09,0.06,0.16,4905.88,4611.5271999999995,5349.371551999999,5513.461551999999
439,2025-01-24,102.1,9,Supermercado,Tarjeta,38,Chile,156.24,0.09,0.16,918.9,836.199,969.9908399999999,1126.23084
440,2025-04-09,1158.17,5,Servicios,Tarjeta,30,Brasil,165.38,0.1,0.16,5790.85,5211.765,6045.6474,6211.0274
441,2025-09-25,2233.66,3,Servicios,Transferencia,124,RD,125.43,0.1,0.16,6700.98,6030.882,6995.823119999999,7121.253119999999
442,2025-08-23,2997.44,1,Oficina,Tarjeta,177,Argentina,139.25,0.13,0.16,2997.44,2607.7728,3025.016448,3164.266448
443,2025-12-28,91.86,10,Hogar,Efectivo,130,Argentina,61.78,0.03,0.16,918.6,891.042,1033.60872,1095.38872
444,2025-05-04,2799.99,2,Mascotas,Wallet,197,Chile,122.95,0.18,0.16,5599.98,4591.9836,5326.700975999999,5449.650975999999
445,2025-03-07,792.17,6,Oficina,Transferencia,155,Chile,164.54,0.22,0.16,4753.0199999999995,3707.3556,4300.532496,4465.072496
446,2025-07-09,2952.5,4,Tecnologia,Wallet,141,Argentina,168.6,0.05,0.16,11810.0,11219.5,13014.619999999999,13183.22
447,2025-11-11,2289.79,5,Salud,Contactless,124,Brasil,164.62,0.07,0.16,11448.95,10647.5235,12351.127259999997,12515.747259999998
448,2025-04-12,1247.58,3,Gaming,Tarjeta,165,Chile,124.39,0.06,0.16,3742.74,3518.1755999999996,4081.0836959999992,4205.473695999999
449,2025-07-27,1063.08,1,Salud,Efectivo,276,Chile,42.0,0.01,0.16,1063.08,1052.4492,1220.841072,1262.841072
450,2025-05-03,2270.38,9,Hogar,Transferencia,157,RD,86.82,0.21,0.16,20433.420000000002,16142.401800000001,18725.186088000002,18812.006088000002
451,2025-02-14,2067.59,2,Moda,Tarjeta,255,RD,63.47,0.19,0.16,4135.18,3349.4958000000006,3885.4151280000005,3948.8851280000003
452,2025-02-25,726.19,9,Moda,Transferencia,148,Argentina,168.36,0.13,0.16,6535.710000000001,5686.0677000000005,6595.838532,6764.198531999999
453,2025-06-12,1422.07,2,Bebidas,Contactless,170,Argentina,75.93,0.07,0.16,2844.14,2645.0501999999997,3068.258231999999,3144.188231999999
454,2025-05-17,1630.51,9,Automotriz,Tarjeta,283,RD,117.92,0.2,0.16,14674.59,11739.672,13618.01952,13735.93952
455,2025-02-17,696.94,1,Bebidas,Wallet,247,Colombia,93.65,0.12,0.16,696.94,613.3072000000001,711.436352,805.086352
456,2025-07-15,2926.25,9,Hogar,Wallet,127,RD,167.78,0.17,0.16,26336.25,21859.087499999998,25356.541499999996,25524.321499999995
457,2025-05-29,2091.57,5,Bebidas,Contactless,169,Colombia,47.14,0.15,0.16,10457.85,8889.1725,10311.4401,10358.5801
458,2025-05-10,2854.26,6,Hogar,Transferencia,187,Peru,178.16,0.06,0.16,17125.56,16098.0264,18673.710624,18851.870624
459,2025-11-19,2781.62,7,Salud,Transferencia,255,Argentina,108.08,0.08,0.16,19471.34,17913.6328,20779.814047999997,20887.894048
460,2025-11-21,1932.18,4,Tecnologia,Wallet,56,Mexico,172.03,0.03,0.16,7728.72,7496.8584,8696.355743999999,8868.385744
461,2025-11-10,1176.05,3,Gaming,Efectivo,151,Chile,84.83,0.2,0.16,3528.1499999999996,2822.52,3274.1231999999995,3358.9531999999995
462,2025-01-15,655.42,1,Bebidas,Wallet,142,Mexico,99.02,0.04,0.16,655.42,629.2031999999999,729.8757119999999,828.8957119999999
463,2025-04-11,70.37,10,Oficina,Wallet,87,Peru,162.91,0.16,0.16,703.7,591.1080000000001,685.68528,848.59528
464,2025-07-02,2628.56,6,Jugueteria,Efectivo,122,Colombia,38.27,0.13,0.16,15771.36,13721.083200000001,15916.456512,15954.726512000001
465,2025-12-12,2732.96,5,Mascotas,Contactless,55,Colombia,107.61,0.14,0.16,13664.8,11751.728,13632.004479999998,13739.614479999998
466,2025-04-29,175.89,9,Jugueteria,Contactless,296,RD,181.66,0.24,0.16,1583.0099999999998,1203.0875999999998,1395.5816159999997,1577.2416159999998
467,2025-07-01,1182.25,9,Automotriz,Tarjeta,249,Chile,35.06,0.05,0.16,10640.25,10108.2375,11725.555499999999,11760.615499999998
468,2025-12-27,807.26,7,Hogar,Wallet,283,Chile,93.72,0.02,0.16,5650.82,5537.803599999999,6423.8521759999985,6517.572175999999
469,2025-06-06,1715.87,5,Tecnologia,Efectivo,115,Argentina,174.52,0.09,0.16,8579.349999999999,7807.208499999999,9056.361859999997,9230.881859999998
470,2025-10-28,300.88,1,Hogar,Tarjeta,215,Peru,125.47,0.07,0.16,300.88,279.8184,324.589344,450.059344
471,2025-09-17,80.39,10,Automotriz,Transferencia,266,Peru,79.6,0.15,0.16,803.9,683.3149999999999,792.6453999999999,872.2453999999999
472,2025-10-26,2461.59,7,Bebidas,Transferencia,40,Chile,142.69,0.12,0.16,17231.13,15163.394400000001,17589.537504,17732.227504
473,2025-02-06,2282.15,2,Jugueteria,Wallet,48,Colombia,166.05,0.0,0.16,4564.3,4564.3,5294.588,5460.638
474,2025-09-26,1040.28,1,Salud,Wallet,264,Mexico,56.95,0.2,0.16,1040.28,832.224,965.37984,1022.32984
475,2025-08-11,2708.48,7,Jugueteria,Tarjeta,233,Peru,93.91,0.16,0.16,18959.36,15925.8624,18474.000384,18567.910384
476,2025-06-27,2518.31,1,Salud,Wallet,239,Peru,119.6,0.05,0.16,2518.31,2392.3945,2775.1776199999995,2894.7776199999994
477,2025-10-16,860.35,6,Jugueteria,Wallet,225,RD,124.12,0.01,0.16,5162.1,5110.479,5928.15564,6052.27564
478,2025-01-26,315.25,10,Jugueteria,Contactless,12,Argentina,152.33,0.12,0.16,3152.5,2774.2,3218.0719999999997,3370.4019999999996
479,2025-06-13,2486.55,10,Tecnologia,Transferencia,1,Chile,54.21,0.03,0.16,24865.5,24119.535,27978.6606,28032.8706
480,2025-03-20,287.0,9,Gaming,Transferencia,178,Colombia,96.65,0.08,0.16,2583.0,2376.36,2756.5776,2853.2276
481,2025-11-03,2392.0,5,Moda,Transferencia,199,Mexico,87.26,0.21,0.16,11960.0,9448.4,10960.143999999998,11047.403999999999
482,2025-02-07,1324.82,4,Jugueteria,Tarjeta,168,Colombia,140.59,0.04,0.16,5299.28,5087.3088,5901.278208,6041.868208
483,2025-05-22,89.45,10,Tecnologia,Wallet,17,RD,123.65,0.12,0.16,894.5,787.16,913.1055999999999,1036.7556
484,2025-01-20,652.57,3,Moda,Transferencia,136,Argentina,172.52,0.05,0.16,1957.71,1859.8245,2157.3964199999996,2329.9164199999996
485,2025-06-12,1538.35,8,Jugueteria,Wallet,243,RD,183.84,0.19,0.16,12306.8,9968.508,11563.46928,11747.30928
486,2025-03-03,2238.65,4,Automotriz,Contactless,161,Mexico,128.76,0.12,0.16,8954.6,7880.048000000001,9140.85568,9269.61568
487,2025-07-28,1931.48,2,Gaming,Contactless,200,Colombia,47.27,0.05,0.16,3862.96,3669.812,4256.981919999999,4304.25192
488,2025-09-01,1668.19,8,Oficina,Tarjeta,201,Brasil,187.68,0.08,0.16,13345.52,12277.878400000001,14242.338944000001,14430.018944000001
489,2025-10-29,908.42,1,Jugueteria,Contactless,60,RD,40.97,0.21,0.16,908.42,717.6518,832.4760879999999,873.4460879999999
490,2025-07-18,1779.93,1,Tecnologia,Efectivo,102,Chile,144.41,0.0,0.16,1779.93,1779.93,2064.7188,2209.1288
491,2025-07-30,1532.43,7,Jugueteria,Tarjeta,117,Chile,160.79,0.17,0.16,10727.01,8903.4183,10327.965228,10488.755228
492,2025-10-12,64.65,7,Automotriz,Tarjeta,280,Chile,72.62,0.18,0.16,452.55000000000007,371.09100000000007,430.46556000000004,503.08556000000004
493,2025-10-25,2909.57,8,Tecnologia,Wallet,245,Chile,66.11,0.13,0.16,23276.56,20250.607200000002,23490.704352,23556.814352
494,2025-11-26,321.26,6,Mascotas,Tarjeta,113,RD,177.41,0.23,0.16,1927.56,1484.2212,1721.6965919999998,1899.1065919999999
495,2025-06-12,2689.43,10,Oficina,Tarjeta,274,Chile,74.12,0.21,0.16,26894.3,21246.497,24645.93652,24720.05652
496,2025-12-09,1495.12,6,Automotriz,Wallet,8,Mexico,121.2,0.19,0.16,8970.72,7266.2832,8428.888512,8550.088512
497,2025-06-20,2751.93,3,Salud,Contactless,96,Mexico,189.86,0.12,0.16,8255.789999999999,7265.095199999999,8427.510431999997,8617.370431999998
498,2025-12-10,128.55,1,Jugueteria,Efectivo,173,Colombia,67.69,0.23,0.16,128.55,98.9835,114.82086,182.51085999999998
499,2025-12-20,2477.85,2,Moda,Wallet,216,Mexico,97.79,0.07,0.16,4955.7,4608.8009999999995,5346.209159999999,5443.999159999999
500,2025-10-04,110.04,4,Jugueteria,Tarjeta,105,Colombia,191.74,0.18,0.16,440.16,360.93120000000005,418.68019200000003,610.420192
